{"cameraMode":{"drawMode":0,"name":"Shaded","section":"Shading Mode"},"sceneLighting":true,"audioPlay":false,"sceneViewState":{"showFog":false,"showMaterialUpdate":false,"showSkybox":false,"showFlares":false,"showImageEffects":false,"showParticleSystems":false},"in2DMode":false,"pivot":{"x":7.321468353271484,"y":1.5789211988449097,"z":4.332516670227051},"rotation":{"x":-0.0002776480687316507,"y":-0.44223737716674807,"z":0.00013614022464025766,"w":-0.8969050645828247},"size":9.935373306274414,"orthographic":false}