{"cameraMode":{"drawMode":0,"name":"Shaded","section":"Shading Mode"},"sceneLighting":true,"audioPlay":false,"sceneViewState":{"showFog":true,"showMaterialUpdate":false,"showSkybox":true,"showFlares":true,"showImageEffects":true,"showParticleSystems":true},"in2DMode":false,"pivot":{"x":-0.293182373046875,"y":0.6555204391479492,"z":7.034547805786133},"rotation":{"x":-0.14599718153476716,"y":0.7377955317497253,"z":-0.1691037267446518,"w":-0.6369830369949341},"size":12.867375373840332,"orthographic":false}