{"cameraMode":{"drawMode":0,"name":"Shaded","section":"Shading Mode"},"sceneLighting":true,"audioPlay":false,"sceneViewState":{"showFog":true,"showMaterialUpdate":false,"showSkybox":true,"showFlares":true,"showImageEffects":true,"showParticleSystems":true},"in2DMode":false,"pivot":{"x":-4.799549579620361,"y":0.4724959135055542,"z":0.8660488128662109},"rotation":{"x":0.009960995055735112,"y":0.7348746657371521,"z":0.010796397924423218,"w":-0.6780447363853455},"size":5.69272518157959,"orthographic":false}