{"cameraMode":{"drawMode":0,"name":"Shaded","section":"Shading Mode"},"sceneLighting":true,"audioPlay":false,"sceneViewState":{"showFog":true,"showMaterialUpdate":false,"showSkybox":true,"showFlares":true,"showImageEffects":true,"showParticleSystems":true},"in2DMode":false,"pivot":{"x":1.0655072927474976,"y":-0.6855982542037964,"z":0.3620259761810303},"rotation":{"x":0.005221109371632338,"y":0.6875237822532654,"z":0.004943790379911661,"w":-0.726127564907074},"size":1.8073949813842774,"orthographic":false}